hrf_time,hrf1,hrf2,hrf3,hrf4,hrf5,hrf6,hrf7,hrf8,hrf9,hrf10,hrf11,hrf12,hrf13,hrf14,hrf15,hrf16,hrf17,hrf18
0,0.0172240080511676,0.0168765576155235,0.0798005859340199,0.0175342138225739,0.0621672566798361,0.020426852496627,0.0471890153229121,0.0362949838871034,0.02692371381905,0.0486079861804461,0.0316161096084788,0.0397325170459864,-0.000409952380896664,0.0172126294086643,-0.01589192602088,-0.0355785542527064,-0.0570806496073393,-0.0801062404451743
0.25,0.0664479292595922,0.0615557967838587,0.127604853363467,0.0573761724600546,0.10411130100948,0.0558091785669294,0.0843014539232343,0.0711104679173439,0.0606278964671363,0.112270177176259,0.0935807455528566,0.102563745995209,0.0593413099722122,0.0779979409725513,0.041191108117306,0.0162620483214565,-0.0127661918944987,-0.0477401462013397
0.5,0.115770158833932,0.106315912758216,0.175381775080636,0.0972800471031786,0.146040571442685,0.0912326138592202,0.121410906455538,0.105935645184875,0.0943555050674186,0.176046552554601,0.155681130761859,0.165520648809666,0.119276921465075,0.138939364408614,0.098473717165484,0.0683145865190959,0.0317693339837158,-0.0151541020353907
0.75,0.165289005677496,0.151237782723868,0.223104004556255,0.137307753968765,0.187940293448843,0.126738267618757,0.158514386385541,0.140780208616878,0.128129965419227,0.240051297364368,0.218053015399487,0.228728900144739,0.179581232667623,0.20019301270988,0.156155477635915,0.120790997722538,0.0767469980958056,0.0178718439544116
1,0.215102778614575,0.196402284040188,0.270744197188117,0.177521209694377,0.229795694149714,0.162367249772431,0.195608908571194,0.175653852298684,0.161974704249958,0.304398596056757,0.280832148756319,0.292314173910741,0.240438592559426,0.261914997710705,0.214435964262876,0.173903217392205,0.122387868438296,0.051557641503328
1.25,0.265309785214674,0.241890292390603,0.31827500585857,0.21798232890958,0.271591998098504,0.198160667983005,0.232691485315926,0.210566267821898,0.195913145873694,0.3692026342205,0.344154281039796,0.356402145045789,0.302033351060818,0.324261432090046,0.273514752418588,0.227863181098934,0.168913012614012,0.086123239442777
1.5,0.316008335134062,0.287782686245264,0.365669085990506,0.258753029547077,0.313314432915776,0.234159633543718,0.26975913233713,0.245527150366599,0.229968718301481,0.434577594660647,0.408155160505276,0.421118486129583,0.364549856956389,0.387388427083683,0.333591417263859,0.282882825608601,0.216543500818276,0.121788590610914
1.75,0.36723424780604,0.334120526086797,0.412869597298269,0.29987567764348,0.354935115936743,0.270402430919777,0.306807493827731,0.280549285322638,0.264169131262668,0.500464712135259,0.472810776187988,0.486422521482612,0.428021553820197,0.451299332684745,0.39473215728402,0.339071283230549,0.265432341346172,0.158749720646416
2,0.418773392296292,0.38078561553032,0.45970173954711,0.341314450373763,0.396373747257055,0.306916058800384,0.343826752031049,0.315657842668942,0.298559244437647,0.566113414023776,0.537458067602617,0.551608168470447,0.491878251965841,0.515386442240799,0.45646965526951,0.396126465365499,0.315460297602531,0.197106955174231
2.25,0.470349149757234,0.427619943096848,0.505961219307426,0.383013976323361,0.437536919668216,0.343724692593791,0.38080572095521,0.350881086050066,0.333188202795522,0.630600177648248,0.601274213813713,0.615802994589057,0.555398856073347,0.57888928711502,0.51820321776161,0.453643480652887,0.36644007403081,0.236936696777963
2.5,0.521684897598698,0.474465492981242,0.551443738944398,0.424918879367601,0.478331221404652,0.380852502797576,0.417733209852665,0.386247274252508,0.368105146375124,0.693001481177614,0.663436393931365,0.678134567770432,0.617862270107749,0.641047398232469,0.579332149718763,0.51121743486412,0.41818437100412,0.278315342892324
2.75,0.572504018990942,0.521164256526516,0.595945003583251,0.466973791430395,0.518663245494833,0.418323668310607,0.45459803427831,0.421784673342476,0.403359223280724,0.752393796295026,0.723121783439746,0.737730450936664,0.678547398160878,0.701100304889241,0.639255759155312,0.568443440986576,0.470505900265158,0.321319306413424
3,0.622529892674244,0.567558219039196,0.639260721291098,0.509123337386804,0.558439584440316,0.456162360721539,0.491389006555434,0.457521544336383,0.438999575075611,0.807853605911459,0.779507564783736,0.79371821602921,0.736733145046407,0.758287540195713,0.697373350549557,0.624916602554093,0.52321735803934,0.366024978558022
3.25,0.671444839190678,0.613450910064477,0.681176455494898,0.551277417052861,0.597552415528094,0.494362880170605,0.528076964570636,0.493464621815376,0.47505005004788,0.858428156131125,0.831733285373213,0.845191778551352,0.791645554697253,0.81180403860904,0.753024411863874,0.680164598086923,0.57605763964663,0.412431863398855
3.5,0.718766946660612,0.658492030078292,0.721437224292085,0.593207019595311,0.635836273087774,0.532800029065469,0.564560854164163,0.529534532231881,0.511433314490609,0.903047805278023,0.878787995129422,0.891110479007721,0.842299244620544,0.860666369980667,0.805309165311787,0.733445382932915,0.628470388924069,0.46023184218694
3.75,0.763973244525516,0.702292822016911,0.759777905495203,0.634648406426798,0.673111277986403,0.571318735272511,0.600721646448634,0.565630373986505,0.548046738756687,0.940613685537822,0.919623116681041,0.93040001062124,0.887655974920658,0.903846511097388,0.853268017100324,0.78394948373311,0.679825440695476,0.50903989621968
4,0.806540759070828,0.744464526127341,0.795933369453339,0.675337836625509,0.709197545357885,0.609763924441605,0.636440308235815,0.601651242135078,0.584787690619809,0.970026921486467,0.953190066607359,0.961986059814552,0.926677502319726,0.940316433947695,0.895941371583139,0.830867427383059,0.729492632392897,0.558471012098884
4.25,0.845946521741384,0.784618387290637,0.82963850338802,0.715011573613659,0.743915203374718,0.647980526782884,0.671597816159375,0.637496239303503,0.621553543544695,0.990188651149875,0.978440271343577,0.984794324588766,0.958325586913322,0.96904811740563,0.932369633101299,0.873389736290489,0.776841792024021,0.608140161541078
4.5,0.881667561703509,0.822365648734792,0.860628179589463,0.753405879440166,0.777084369372122,0.685813470803809,0.706075139416379,0.673064463089192,0.658241668002869,1,0.994325148938447,0.997750492560688,0.981561987693445,0.989013535342162,0.961593208821402,0.910706940869448,0.821242761166798,0.657662335750788
4.75,0.913225522102696,0.857329616897764,0.888671387214882,0.790241869097597,0.808527360111839,0.723072476627696,0.739731889304895,0.708221709099735,0.694709112767494,0.998598322159809,1,1,0.99551761523923,0.999367977304889,0.982784358426094,0.942082485378462,0.862074358698918,0.706587022862233
5,0.940320520063028,0.889181871262495,0.913673574697445,0.825180090260707,0.838075290491195,0.759426450644688,0.77234225283257,0.742700577295462,0.730651656506685,0.986065871098808,0.995435651257752,0.991567268323246,1,1,0.995642775796237,0.967071507628363,0.898751364958702,0.754201764443314
5.25,0.962697281267669,0.917606051457302,0.935574294572453,0.857865942330423,0.86556146661529,0.794509090694396,0.803659054498825,0.776200363294261,0.765724755547453,0.962721105866158,0.980806793420155,0.972696446844811,0.994985812035901,0.990981460550924,1,0.985302058672658,0.930697544299795,0.799728613971806
5.5,0.980100545782459,0.942285808889882,0.954313120587751,0.887944834214983,0.890819210849792,0.827954102560662,0.833435131065541,0.808420372577303,0.799583874355988,0.928882516291949,0.956288143930384,0.943631713578759,0.980451742033631,0.972384239782877,0.995687586423801,0.996402199449768,0.957336663588966,0.842389618449527
5.75,0.992275049007327,0.962904792869711,0.969829603625469,0.915062174487887,0.913681830333775,0.859395192179947,0.861423310255984,0.839059905740367,0.831884475877138,0.88486856239029,0.922054398279181,0.904617220798943,0.956374471318982,0.944280202652199,0.982537088847385,1,0.978092510287397,0.881406857955111
6,0.998965513228104,0.979146637049247,0.982063303973516,0.938863354844842,0.933982633419478,0.888466049082811,0.887376414497016,0.867818253471347,0.862282009204399,0.830997723507287,0.878280261060719,0.855897134800489,0.922730674409616,0.906741215426537,0.960380044357624,0.995723500377006,0.992388828371168,0.916002355801348
6.25,1,0.990752554764496,0.991001259610193,0.959028057708453,0.951582955611145,0.914815271478996,0.91106114987893,0.894403069448617,0.890438657091586,0.76779466159527,0.825331986983674,0.797914489255036,0.879678431682242,0.860022847270428,0.929209795646863,0.983328147677622,0.999737147465415,0.945434775036081
6.5,0.995539871726059,0.997694004293206,0.996820411713058,0.975373043048678,0.966456204319553,0.938151002467248,0.93229969834947,0.918555386111492,0.916043452162804,0.696608868826967,0.764342092886226,0.731907867447627,0.828101456581773,0.805115513461896,0.889666878637725,0.963078933044004,1,0.969109141785469
6.75,0.985829807308463,1,0.99974518759513,0.987749338532045,0.978603814103907,0.958196273094734,0.95092811867401,0.940024586801036,0.938792143860484,0.618996026083684,0.696634640514263,0.659314720245032,0.769064844427577,0.743193318043841,0.842553600434356,0.93536820691493,0.993127643164143,0.986467049118684
7,0.971114496644131,0.997699566260631,1,0.996007980235945,0.988027210423304,0.974674120328643,0.966782465152826,0.95856005413137,0.958380484384525,0.536511814511501,0.623533698684718,0.581572502347433,0.7036337103233,0.67543037787039,0.788672293845507,0.900588352472155,0.979070373882758,0.996950135958304
7.25,0.95163862344143,0.990821721966332,0.997809280359034,1,0.99472783169769,0.987307579010221,0.979698800186795,0.973911175012864,0.974504226761745,0.450711919848722,0.546363334183173,0.500118669577395,0.632873154914992,0.603000802164242,0.728825271397378,0.859131725571884,0.957778454562791,1
7.5,0.927646867515407,0.979395481630055,0.993397438516713,0.999576424611849,0.99870709911811,0.99581967775581,0.989513172712213,0.985827325723462,0.986859115882238,0.363152018551116,0.466447608696038,0.416390670667496,0.557848282095549,0.527078698715509,0.663814852534569,0.811390693450842,0.929202163867631,0.995058260300704
7.75,0.899423101858296,0.963502667027551,0.987003136446399,0.994650437233722,1,1,0.996109600000241,0.99411493420714,0.995205043770019,0.275314258951518,0.385062699165064,0.331765645485655,0.47960971165267,0.448808131006578,0.594455427953121,0.757807847479679,0.893380650552205,0.98169461505355
8,0.867407954400917,0.943436313318958,0.978921982768134,0.985383832011152,0.998775738796335,0.999904333125577,0.999563937446925,0.998808608361794,0.999558471376796,0.188386626622645,0.303293207072787,0.247379455351117,0.399150115146616,0.36921296015272,0.521609674558881,0.699026693985417,0.850708581064323,0.959991137119052
8.25,0.83208124303961,0.91954225877284,0.969463826896517,0.972000554461976,0.995237076060737,0.995655013456128,1,1,1,0.103483578385872,0.22217584950906,0.164307652614865,0.317447683177308,0.289287004391209,0.446152344311768,0.635740967733028,0.801669496912809,0.930157984165156
8.5,0.793922775648607,0.892166331267357,0.9589385060054,0.954724539614877,0.98958676064678,0.987374366880152,0.997541591489073,0.997780750185797,0.99661022044934,0.0217195650859883,0.142747337122444,0.0836257834139418,0.235480599954276,0.21002407536568,0.368958182273205,0.568644395864806,0.746746931629518,0.892405306140277
8.75,0.753412374897095,0.861654376224643,0.94765587443229,0.93377974192382,0.982027560270329,0.975184739777104,0.992312535599925,0.992242520330899,0.989469744202658,-0.0557909683399771,0.0660443781883111,0.00640938978770352,0.154227050622347,0.132417984467764,0.290901938311261,0.498430716124817,0.686424434853875,0.846943274216865
9,0.711029853149108,0.828352225739713,0.935925775425433,0.909390100342798,0.972762229011573,0.959208461733691,0.984436640667566,0.983476955564285,0.978659165817083,-0.127933565220878,-0.00689631129217961,-0.0662659765447394,0.0746652238347725,0.0574625482881158,0.212858361433562,0.425793658854972,0.621185542346585,0.793982039223637
9.25,0.667234685260231,0.792613341632398,0.924033122525793,0.881809833603137,0.961999068816479,0.939613868140424,0.974065929748305,0.971616202888958,0.964307568822532,-0.193791317600558,-0.0752027337342883,-0.133505521335316,-0.00235335854078537,-0.0139915276983968,0.135612139332542,0.35139318027204,0.551540182195973,0.73382619215681
9.5,0.622404987090438,0.754821690384002,0.912163080311122,0.851414260868558,0.949968543513534,0.916753295134247,0.961465256350572,0.95695438993795,0.946737967555434,-0.253237496244858,-0.138661749877259,-0.19513746442876,-0.0764838229145337,-0.0816659665018325,0.0595877312915593,0.275754152542816,0.478103859992779,0.667158088099244
9.75,0.576898548402812,0.715368879520403,0.90047590369124,0.818608992237189,0.936906682067768,0.891025095838726,0.946927703554866,0.939826159418798,0.926321877195877,-0.306342907206194,-0.19722492724755,-0.251170770652134,-0.147507954767599,-0.145425592280238,-0.0148804586624151,0.199367677596022,0.401518474782462,0.594754519828202
10,0.531073148011013,0.674646503657044,0.889131825875844,0.783799623368702,0.923049492966276,0.862827607651451,0.930746335311193,0.920566136084843,0.90343079607898,-0.353178357539966,-0.250843834356515,-0.301614405799714,-0.215207538225385,-0.205135229559339,-0.0874580256079356,0.122724857016844,0.322425924415354,0.517392278416941
10.25,0.485286567526555,0.633046161307648,0.878291091353387,0.747391754812222,0.908632994743251,0.832559173857873,0.913214224427988,0.899508952525158,0.87843622940169,-0.393814654791295,-0.299470041128932,-0.34647733665271,-0.279364361623837,-0.260659705337012,-0.157810569401699,0.0463167872835455,0.241468101167909,0.435848148924949
10.5,0.439896592543946,0.590959455302219,0.868113942088782,0.709790991461707,0.893893205359717,0.800618141726055,0.894624444714294,0.87698924349791,0.85170968556477,-0.428322609361018,-0.343055117849016,-0.385768531548271,-0.339760209578958,-0.311863845017644,-0.225603683838831,-0.0293654260166177,0.159286909481262,0.35089893146305
10.75,0.395224382730786,0.548747277966478,0.858728275103078,0.671377913132975,0.879039887095242,0.767382723327255,0.875248576708658,0.853322334955213,0.82360437227377,-0.45683500201611,-0.381609277079163,-0.41955726494482,-0.396232199162681,-0.358669070425668,-0.290553817712914,-0.103873577932176,0.0764912238176161,0.263302129683695
11,0.351444605668529,0.506647693849336,0.850132642191613,0.632433015867707,0.864177810228024,0.733150608832586,0.855272254967653,0.828746341758511,0.79440031584983,-0.479732491119683,-0.415377299274693,-0.448154033336419,-0.448838783832082,-0.40122319081908,-0.352580848133127,-0.176931075698293,-0.00644221280366951,0.173738047707498
11.25,0.308695315672665,0.464868070487595,0.842293240512737,0.593211783994694,0.849385486074728,0.698199365205952,0.834859622706058,0.803480075795263,0.764359251227485,-0.497457713915774,-0.444662607543824,-0.471929643611405,-0.497693736337135,-0.439730605820912,-0.411655486470875,-0.248304196682187,-0.089069647038999,0.0828677427162149
11.5,0.267114563626527,0.423615772001727,0.83517628204571,0.553969698915877,0.834741436022943,0.662806557718682,0.814174829229495,0.777742352035352,0.733742913745032,-0.510453300255589,-0.469768622977534,-0.4912548980742,-0.542910837120751,-0.474395717483942,-0.467748456654749,-0.317759236905422,-0.17094735050132,-0.00864775920424928
11.75,0.226840402288331,0.383098163867951,0.828747964042512,0.514962242572171,0.820324170577685,0.627249750832026,0.793382016248226,0.751751980405117,0.702813036006363,-0.51916188434507,-0.490998766807474,-0.506500601175314,-0.584603858677935,-0.505422924391106,-0.520830470976285,-0.385062476308579,-0.251631574101174,-0.100147406823481
12,0.188010879637616,0.34352260649747,0.822974492335948,0.476444892015424,0.806212205117052,0.591806504947045,0.772645327290622,0.725727770360361,0.671831348113626,-0.524026094672177,-0.508656458981148,-0.518037553960053,-0.622886579859917,-0.533016627412909,-0.570872252168152,-0.449980210493071,-0.330678589728583,-0.190970175003347
12.25,0.150742022491286,0.305065328690307,0.81780807348874,0.43863544757231,0.792459311034516,0.556713078684472,0.752096327997111,0.699851269444472,0.641018836623963,-0.525441077470697,-0.523012066134626,-0.526196494464957,-0.657857296948268,-0.557357893107351,-0.6178443382563,-0.512300991440324,-0.407689693501826,-0.280523459904635
12.5,0.115061757360913,0.267778006859179,0.813144884173928,0.401600968546936,0.779020245548449,0.5220404834026,0.731736230953584,0.674154935026664,0.61043347129869,-0.523612004048859,-0.534203704014312,-0.531147866965991,-0.689552343903722,-0.578534417540153,-0.661716506402964,-0.571902390855351,-0.482446289126069,-0.368488371261111
12.75,0.0809759886785923,0.231681183744043,0.808867107690848,0.365370834714828,0.76582502482783,0.487818425696631,0.711533671434456,0.648633961550289,0.580092476041449,-0.518696553013383,-0.542336427942695,-0.533022044010591,-0.717992570125573,-0.596610557874891,-0.702458350373153,-0.62868424269634,-0.554774815186836,-0.454614455766751
13,0.0484906161426606,0.196795396366885,0.804856912757328,0.329974419252152,0.752803652238483,0.454076604620174,0.6914572735636,0.623283533634957,0.550013066143416,-0.51085240535628,-0.54751529430776,-0.53194939982868,-0.743198822535062,-0.611650670946253,-0.740039460498305,-0.682546376619614,-0.624501704852335,-0.538651253444423
13.25,0.017611541746783,0.163141185655393,0.800996483648785,0.295441100753118,0.739886144732184,0.420844726226462,0.671475673183583,0.598098846005444,0.520212465455339,-0.500237243605302,-0.549845362744483,-0.528060311101288,-0.765191955948949,-0.623719118658146,-0.774429436161087,-0.733388632214111,-0.691453402256191,-0.620348316155737
13.5,-0.0116553309195521,0.130739092369736,0.797167994552882,0.261800255950353,0.727002510440428,0.38815249298652,0.651557498575097,0.5730750870555,0.490707892758726,-0.487008744130691,-0.549431685389589,-0.521485147628436,-0.783992813821679,-0.6328802539304,-0.805597864600507,-0.781110836588988,-0.755456338753654,-0.699455183153747
13.75,-0.0393111699482911,0.0996035776889576,0.793257757689958,0.22907638440277,0.714085143439994,0.356026214471885,0.631672230970213,0.548206916536984,0.461514662209535,-0.471329924333354,-0.546387129041237,-0.512360925285137,-0.799635027942912,-0.639208422912961,-0.83352911637028,-0.825629716135549,-0.816355796888401,-0.775741529017834
14,-0.0653854127156338,0.0697247947041225,0.789168594641796,0.197274479755914,0.701075946977433,0.324478623238333,0.61179273635894,0.523486859551768,0.432640456342987,-0.453385139584007,-0.540855783261731,-0.500851212917014,-0.812203324593562,-0.642817899337116,-0.858266629394136,-0.866929522325036,-0.874072386077564,-0.84905748853197
14.25,-0.0899145634530765,0.0410868201910682,0.784807462742928,0.166394660235791,0.687919208112083,0.293519059235482,0.591892731813521,0.49890691118784,0.404091052326572,-0.433364076641177,-0.532989542135842,-0.487126215522543,-0.821795206305936,-0.643832939340808,-0.879868612761613,-0.905011394268954,-0.928545556009912,-0.919273322276973
14.5,-0.112935131439174,0.0136737271303349,0.780081323578608,0.136437041591973,0.67455921711272,0.263156861369325,0.571945936635547,0.474459067776842,0.375872227538961,-0.411456428878544,-0.52294030785727,-0.471356145511913,-0.828508187229914,-0.642377808618456,-0.89839328822419,-0.939876484576473,-0.979714770555004,-0.986259305100684
14.75,-0.134483621434639,-0.0125304092174813,0.774897125948661,0.107401739590526,0.66094025365213,0.233401366134167,0.551926061596889,0.450135319062381,0.347989754730133,-0.387851881426968,-0.510859971810168,-0.453711205682372,-0.832439764356645,-0.638576759484158,-0.913898858600098,-0.971525925524048,-1.0275194719445,-1.049885689663
15,-0.154596536779518,-0.0375415098430073,0.769161824741516,0.079288875665509,0.647006604578575,0.204261917183511,0.531806825282503,0.425927662731112,0.320449414503976,-0.362740130891315,-0.496900435344614,-0.434361609547632,-0.833687443916641,-0.632554053492023,-0.926443534010205,-0.999960853417295,-1.07189910304985,-1.11002272545286
15.25,-0.173306503884466,-0.0613649647186039,0.762792952586307,0.0521144487978712,0.632718021309488,0.175767607212398,0.511580736617286,0.401848375824461,0.293277992229903,-0.336347416335938,-0.481243963757208,-0.413510971711814,-0.832373567688199,-0.624460675811888,-0.936103132380005,-1.02518852641637,-1.11278728330103,-1.16652164859426
15.5,-0.190630629303369,-0.0839640160442866,0.755750314838436,0.0259579996748288,0.618096100188451,0.148026559404083,0.491315472099152,0.377990871936517,0.266586321866434,-0.30904624007449,-0.464194342892802,-0.391496589733505,-0.828719842123118,-0.614554549612034,-0.943023896553193,-1.04724064345779,-1.15009424964767,-1.21915750891357
15.75,-0.20658212887059,-0.105291361090379,0.748004289619875,0.000914959800165377,0.603177901845574,0.12116665766248,0.471097502111983,0.354468850561672,0.240506251442794,-0.281245648051348,-0.446085717350371,-0.368689160110205,-0.822972793230098,-0.603120311401163,-0.947369655397636,-1.06615499629134,-1.18372437944847,-1.26768630045421
16,-0.221174226708673,-0.125299704926471,0.739525255501625,-0.0229192463436073,0.588000485793512,0.0953157799797066,0.451013294613711,0.331396007617541,0.215169624273265,-0.253354690517614,-0.427252238480688,-0.345459384929611,-0.815378958193352,-0.590442606464619,-0.949304251048885,-1.08196939234921,-1.21358206795996,-1.31186403672771
16.25,-0.234420143000905,-0.143941747733689,0.730283596247474,-0.0454491886982537,0.572600917245672,0.0706018103628453,0.431149323549673,0.308886045122627,0.190708289822779,-0.2257824203607,-0.408028059250735,-0.322177968395342,-0.80618487497043,-0.57680608112103,-0.948991525260201,-1.09472163690252,-1.23957170656354,-1.35144672571242
16.5,-0.2463331000574,-0.161170192331251,0.720249683008927,-0.0665794404254054,0.557016251151067,0.0471526287752536,0.411592054657816,0.287052658473975,0.167254092355239,-0.198937894395093,-0.388747334326686,-0.299215617467131,-0.795637078556442,-0.562495381378902,-0.946595314929141,-1.10444952815982,-1.26159767715704,-1.38619036341058
16.75,-0.256917942889715,-0.176935313549623,0.709401601581246,-0.086217098213683,0.541285080741472,0.0250899916228817,0.39242489534896,0.266004087645145,0.144931951799894,-0.173186150679167,-0.369706452415668,-0.27690221054601,-0.783951326905371,-0.547761434911265,-0.942255805925016,-1.11117837517245,-1.27956397897525,-1.41586461731222
17,-0.266146014565659,-0.1911776742044,0.69774823209916,-0.104279348036474,0.525452111079086,0.00451116675006954,0.373718996992432,0.245826740787802,0.12383909094216,-0.148716235648092,-0.35105079754097,-0.255404382623512,-0.771220290041376,-0.532720336418099,-0.93601857647838,-1.11488349426021,-1.29337300981744,-1.44029373296846
17.25,-0.273980280189637,-0.203835409947596,0.685306159584569,-0.120685901646137,0.509563576992075,-0.0144927052686111,0.355542445325048,0.226601564466831,0.104065803218654,-0.125673172564166,-0.332887982106783,-0.23484793504664,-0.757505851778392,-0.517454455245436,-0.927905543862032,-1.11552770224282,-1.30292677406006,-1.4593156165882
17.5,-0.280383707387315,-0.214846656629856,0.672091971203819,-0.135356468983567,0.493665716662512,-0.0318304804067096,0.337963330212032,0.208409509560662,0.085702386300712,-0.104201998940146,-0.315325631525086,-0.215358682793669,-0.74286990846149,-0.502046173180972,-0.917938636183678,-1.11307382378686,-1.30812728067777,-1.47276817503925
17.75,-0.285319263664113,-0.224149550739475,0.658122253562601,-0.148210761248087,0.477804767115027,-0.0474110163539446,0.321049739943781,0.191331525181357,0.0688391359969091,-0.084447747681187,-0.298471367290298,-0.197062436585961,-0.727374353156043,-0.486577868506724,-0.906139779082336,-1.10748468238586,-1.30887653884227,-1.48048931693722
18,-0.288749912150181,-0.231682225942049,0.643413585590701,-0.159168488417755,0.462026959189553,-0.0611431713141528,0.304869758025771,0.175448556993007,0.0535663460304628,-0.0665554451140821,-0.282432802442883,-0.180084999566469,-0.711081065967561,-0.471131909207057,-0.892530883920539,-1.09872308618433,-1.30507654141412,-1.48231693423332
18.25,-0.290643078944628,-0.237398184977905,0.627982434748542,-0.168173207331423,0.446366244157784,-0.0729651505991893,0.289470213720125,0.160815254204466,0.0399445571323208,-0.0506005234073521,-0.267262299640712,-0.164489933182807,-0.694013617300997,-0.455744936286551,-0.877111219184324,-1.0867528415924,-1.29665502326074,-1.47814163840443
18.5,-0.290984010675175,-0.241312385076341,0.611844781315964,-0.17526385037695,0.430807422362545,-0.0829325468092608,0.274812894788229,0.147381063592959,0.0279152896077263,-0.0363799937478329,-0.252791164237107,-0.150091781659915,-0.676042255748056,-0.440270615880321,-0.8597893908432,-1.0715416506166,-1.28364258422349,-1.46806481444163
18.75,-0.289762411352873,-0.243455150105385,0.595016481460556,-0.180503197402001,0.41532300340542,-0.0911303032725284,0.260838325130235,0.13506912757828,0.0173903047238024,-0.023621258777371,-0.238795434988724,-0.136642832145071,-0.656998898291639,-0.424516868792704,-0.840451339201199,-1.05305819080069,-1.26609554369888,-1.45224054572207
19,-0.286967982352111,-0.243856800350422,0.577513387155483,-0.183954024129905,0.399885495400623,-0.0976433591891214,0.247487029311852,0.123802590734072,0.00828136714686897,-0.0120517290855667,-0.225051155380393,-0.123895378063482,-0.636715461668754,-0.408291618112551,-0.818983001168914,-1.03127113200506,-1.24407020897963,-1.43082289903224
19.25,-0.282590427110512,-0.2425476590299,0.559351360600835,-0.185679109594186,0.384467412582854,-0.102556656726886,0.234699534672372,0.11350459802505,0.000500239901726466,-0.00139880442358018,-0.211334362696493,-0.11160170441394,-0.615023864100877,-0.391402784384082,-0.795270319555246,-1.0061491558466,-1.21762290521617,-1.40396596522852
19.5,-0.276619452592703,-0.23955805118397,0.540546260309647,-0.185741233211131,0.369041267400095,-0.105955137381977,0.222416368200942,0.104098294827911,-0.00604131309890596,0.00861010184669292,-0.197421106014897,-0.099514108878426,-0.591756033486807,-0.373658298746499,-0.769199244780875,-0.977660948320193,-1.18680995838455,-1.3718238318035
19.75,-0.26906590158718,-0.234936310686496,0.521108749339315,-0.184217839746566,0.35357399855334,-0.107934935509195,0.210571981012521,0.0954996348418986,-0.0114401992731286,0.018221002214667,-0.183116238755735,-0.0874126680669171,-0.566778194808319,-0.35489712489105,-0.740691270601406,-0.945811070866063,-1.15172307334926,-1.33458336197581
20,-0.260025178754873,-0.228802813921102,0.501028720446796,-0.181245032366551,0.338010265493365,-0.108636945176604,0.199076538864461,0.0875958229861955,-0.0158279948629295,0.0275735421163637,-0.168339898511806,-0.075188642997761,-0.540093829978243,-0.335082422691217,-0.709810126597409,-0.910747637276703,-1.11259550780844,-1.29256254207138
20.25,-0.249613835150941,-0.221295954974431,0.480290881364805,-0.176973586393486,0.322289160824851,-0.108213257526166,0.187834135455374,0.0802668736275167,-0.0193449489427124,0.0367807857603491,-0.153041038940273,-0.0627610831438833,-0.511740739075253,-0.314208400390375,-0.676655110552513,-0.872654665752412,-1.06969593121403,-1.24611216987962
20.5,-0.237948414333778,-0.212554120890867,0.458879935773123,-0.171554270899687,0.306349775478329,-0.106815958678354,0.176748864806081,0.0733928031030255,-0.0221313070521475,0.0459557993435796,-0.137168608480189,-0.0500490342967394,-0.481756711073056,-0.292269258327938,-0.64132550633378,-0.831716157240806,-1.0232929925442,-1.19558302006619
20.75,-0.225145467292129,-0.202715705123084,0.436780590129473,-0.165137860152456,0.290131201720004,-0.104597138494158,0.16572482100098,0.0668536266172006,-0.0243273170830377,0.0552116427273927,-0.120671564084726,-0.0369715497345989,-0.450179547893567,-0.269259207290195,-0.603920612476668,-0.788116129115562,-0.97365535876199,-1.14132588613699
21,-0.211321538875571,-0.191919095510105,0.4139775431817,-0.157875123670937,0.273572527070722,-0.101708883438861,0.154666095889039,0.0605293591644878,-0.0260732252482122,0.0646613759995578,-0.103498858772739,-0.0234476805653412,-0.417047040616149,-0.245172451006599,-0.564539713446345,-0.742038580839584,-0.921051675109857,-1.08369153655241
21.25,-0.1966035973768,-0.180303256884456,0.390455849628402,-0.149909087142134,0.256620718610627,-0.098289131053625,0.14348996342701,0.0543154898611647,-0.0274928108597814,0.0743529333995894,-0.085656737562954,-0.00945763813314146,-0.382447541761241,-0.220055943104981,-0.523323140271469,-0.69369296879606,-0.86575919438091,-1.02301955103945
21.5,-0.181160287613657,-0.16800944228557,0.366201931641674,-0.141351781156784,0.239254227005256,-0.0944192071170191,0.132166409204145,0.0481694006262832,-0.0286439778540644,0.084073701728456,-0.0673806325893061,0.00477369421980052,-0.346671625966991,-0.194167635891707,-0.480575363393876,-0.643390500199067,-0.808089491729059,-0.959604615851601
21.75,-0.165170675278681,-0.155179479326056,0.34120256299276,-0.132307490382438,0.221459379742348,-0.0901662869866511,0.120678599537914,0.0420639471863605,-0.0295681626060095,0.0935459409569664,-0.0489632670130786,0.0189602729561079,-0.310060424767979,-0.167818228971224,-0.43664189354107,-0.59146783079081,-0.748362739336831,-0.893730216038642
22,-0.148813824611659,-0.141955193932653,0.315444515898148,-0.12288049771527,0.203222503749803,-0.0855975443581616,0.109009700986336,0.0359719860859104,-0.0303068001726648,0.102491908948667,-0.0306973648816185,0.0328160530661213,-0.272955068618898,-0.141318421886434,-0.391868239197773,-0.538261612530266,-0.686899104036324,-0.825679829765918
22.25,-0.132268801272833,-0.128478413240165,0.288914561626947,-0.113175087045948,0.184529925144848,-0.0807801537229214,0.0971428793995151,0.0298663731878732,-0.0309013263032651,0.110633861440894,-0.0128756523463589,0.046054987422854,-0.235696690132763,-0.114978916290687,-0.346599910934432,-0.484108499286946,-0.624018754328125,-0.755736936480629
22.5,-0.115714669524356,-0.114890963685383,0.261599468835074,-0.103295542244637,0.165367967742366,-0.0757812902268949,0.0850612986561872,0.0237199627561215,-0.0313931779399145,0.117694057502384,0.00420914817770388,0.058391032451412,-0.198626416931885,-0.0891104096292869,-0.301182414136103,-0.429345139760551,-0.56004185361313,-0.684185010841446
22.75,-0.0993102013771193,-0.101317635229317,0.233496068843218,-0.0933324130465988,0.145731766022237,-0.0706575628607347,0.0727560820121913,0.0175136860079559,-0.0318151088233277,0.123424670834417,0.0202946352424056,0.0695683126940337,-0.162052763205523,-0.0639925343422338,-0.255929077884867,-0.374277834627842,-0.495260961419651,-0.611284770147088
23,-0.0831329950684758,-0.0878150698180009,0.204641407891546,-0.0833213136393555,0.125651669338201,-0.0654233210410243,0.0602501694202464,0.011260766828559,-0.0321651497612716,0.127697532154639,0.0352396984142681,0.0794516282078167,-0.12615376435049,-0.0397806479437181,-0.21102449379865,-0.319091452159543,-0.42985817313481,-0.537205846041275
23.25,-0.0672403559562707,-0.0744228732506766,0.175082592498423,-0.0732841252465728,0.105166835129027,-0.0600823499256652,0.0475744575717705,0.00498250353109125,-0.0324326506908178,0.130414391798641,0.0489335529820085,0.0879359520446438,-0.0910748372276169,-0.0165990381782398,-0.166621072532885,-0.263940508851746,-0.363987977501636,-0.462095111268295
23.5,-0.0516895901723186,-0.06118065164333,0.144866728361417,-0.0632427290270814,0.0843164205176918,-0.0546384343318731,0.0347598432223307,-0.00129980530461879,-0.0326069611546802,0.13147699657297,0.0612654112049605,0.0949162539825273,-0.0569614011470667,0.0054280045093909,-0.122871226627323,-0.208979522204577,-0.297804863307722,-0.386099437498514
23.75,-0.0365380022761711,-0.0481280099791747,0.114040919185906,-0.0532190054716353,0.0631395810872083,-0.0490953589220904,0.0218372220063792,-0.00756486182052669,-0.0326774310100202,0.130787095300907,0.0721244879554439,0.10028750613341,-0.0239588714300377,0.026176192858727,-0.079927364200989,-0.15436300492115,-0.231463314208108,-0.309365691128807
24,-0.0218428975797656,-0.0353045536873555,0.0826522709565384,-0.043234835189416,0.0416754742274516,-0.0434569080998474,0.00883749093780255,-0.0137913671542726,-0.0326334094752862,0.128246435942203,0.0813999966944902,0.103944679455529,0.0077873339679708,0.0455212376838799,-0.0379418964279422,-0.100245473174212,-0.165117817736313,-0.232040742733553
24.25,-0.00763775891930136,-0.0227358213068686,0.0507543631005359,-0.0333067460582085,0.0199636217695613,-0.037728780382283,-0.00421231986516165,-0.0199632356835846,-0.0324694978555214,0.123827280839473,0.0890466807596056,0.105850780487957,0.0381949711911842,0.063401993576251,0.00298902371814082,-0.0467375368683593,-0.0988929309376967,-0.15425932595615
24.5,0.00613922171923721,-0.0103910825259296,0.0184266777485418,-0.0234298533176602,-0.00195498957105322,-0.0319243284002469,-0.0173006423250674,-0.0260852304215263,-0.0322013025690462,0.117783952678137,0.0952814040098482,0.106240959961596,0.0674344901450901,0.0800098896596699,0.0429942718847806,0.00622581316296624,-0.0327934968709779,-0.0761076366656408
24.75,0.019573677968801,0.00177446386111351,-0.0142448323259154,-0.0135939149916901,-0.0240390090714435,-0.0260588144230506,-0.0304197738230517,-0.0321673248866208,-0.0318496782954478,0.110441281975362,0.100386556530655,0.105418399141511,0.0957395156142187,0.09559949737335,0.0822589855370692,0.0587534998385484,0.0332055833305884,0.0023402815985961
25,0.0327512381061383,0.0138056124369086,-0.0471742079868929,-0.00378869635303129,-0.0462470838992244,-0.0201475077492815,-0.0435620130283001,-0.0382194962836812,-0.031435485442269,0.102124109990297,0.104644533989854,0.103686287355569,0.123343669850945,0.110425389785315,0.120968294625286,0.110954431860658,0.099129387461063,0.0810103573939478
